{"activityLevel":0,"activityList":[{"activeTime":3034000,"calorie":250.20999,"distance":5003.5,"type":1001},{"activeTime":3690115,"calorie":354.0,"distance":15996.22,"type":11007},{"activeTime":1477515,"calorie":96.94664,"distance":1916.073,"type":-1}],"age":20,"gender":"M","height":175.0,"stepCount":17244,"weight":66.0}