{"activityLevel":0,"activityList":[{"activeTime":2448000,"calorie":177.08344,"distance":3315.0322,"type":1001},{"activeTime":4640221,"calorie":280.30795,"distance":6402.312,"type":-1}],"age":20,"gender":"M","height":175.0,"stepCount":11827,"weight":66.0}