{"activityLevel":0,"activityList":[{"activeTime":5944000,"calorie":412.46722,"distance":8101.491,"type":1001},{"activeTime":6464459,"calorie":432.31577,"distance":8429.862,"type":-1}],"age":20,"gender":"M","height":175.0,"stepCount":20788,"weight":66.0}