{"activityLevel":0,"activityList":[{"a":1001,"b":222.06998,"c":4439.68,"d":2940000},{"a":11007,"b":409.0,"c":18448.54,"d":3189443},{"a":-1,"b":219.25989,"c":4366.1753,"d":3092681}],"age":20,"gender":"M","height":175.0,"stepCount":16412,"weight":66.0}