{"activityLevel":0,"activityList":[{"activeTime":3235187,"calorie":239.81999,"distance":4743.04,"type":1001},{"activeTime":6664200,"calorie":470.99463,"distance":9302.254,"type":-1}],"age":20,"gender":"M","height":175.0,"stepCount":17486,"weight":66.0}