{"activityLevel":0,"activityList":[{"activeTime":630579,"calorie":50.84,"distance":1022.27997,"type":1001},{"activeTime":8018871,"calorie":768.0,"distance":34719.37,"type":11007},{"activeTime":1038275,"calorie":70.37234,"distance":1399.629,"type":-1}],"age":20,"gender":"M","height":175.0,"stepCount":17152,"weight":66.0}