{"activityLevel":0,"activityList":[{"activeTime":6900000,"calorie":483.66998,"distance":9399.35,"type":1001},{"activeTime":5126560,"calorie":350.67993,"distance":6884.929,"type":-1}],"age":20,"gender":"M","height":175.0,"stepCount":20537,"weight":66.0}