{"activityLevel":0,"activityList":[{"activeTime":3102000,"calorie":246.12999,"distance":5007.61,"type":1001},{"activeTime":2041396,"calorie":132.86398,"distance":2626.8608,"type":-1}],"age":20,"gender":"M","height":175.0,"stepCount":9275,"weight":66.0}