{"activityLevel":0,"activityList":[{"activeTime":5726820,"calorie":414.92096,"distance":8121.4727,"type":1001},{"activeTime":6332946,"calorie":444.45773,"distance":8758.237,"type":-1}],"age":20,"gender":"M","height":175.0,"stepCount":21138,"weight":66.0}