{"activityLevel":0,"activityList":[{"activeTime":1763000,"calorie":154.98999,"distance":3116.92,"type":1001},{"activeTime":2765638,"calorie":188.32619,"distance":3729.5588,"type":-1}],"age":20,"gender":"M","height":175.0,"stepCount":8311,"weight":66.0}