{"activityLevel":0,"activityList":[{"activeTime":8222584,"calorie":615.44995,"distance":12081.331,"type":1001},{"activeTime":8672280,"calorie":583.90485,"distance":11381.999,"type":-1}],"age":20,"gender":"M","height":175.0,"stepCount":29321,"weight":66.0}