{"activityLevel":0,"activityList":[{"a":1001,"b":393.41003,"c":7828.34,"d":5413695},{"a":11007,"b":294.0,"c":13289.77,"d":3064371},{"a":-1,"b":127.51109,"c":2517.5063,"d":1871509}],"age":20,"gender":"M","height":175.0,"stepCount":16634,"weight":66.0}