{"activityLevel":0,"activityList":[{"activeTime":2810000,"calorie":188.54001,"distance":3693.4,"type":1001},{"activeTime":2169645,"calorie":251.0,"distance":11332.23,"type":11007},{"activeTime":2929880,"calorie":197.73143,"distance":3891.3296,"type":-1}],"age":20,"gender":"M","height":175.0,"stepCount":12770,"weight":66.0}