{"activityLevel":0,"activityList":[{"activeTime":5150000,"calorie":385.09998,"distance":7610.51,"type":1001},{"activeTime":761420,"calorie":72.0,"distance":3277.78,"type":11007},{"activeTime":6342059,"calorie":433.62158,"distance":8558.144,"type":-1}],"age":20,"gender":"M","height":175.0,"stepCount":20956,"weight":66.0}