{"activityLevel":0,"activityList":[{"activeTime":4500000,"calorie":346.15997,"distance":6895.37,"type":1001},{"activeTime":2086396,"calorie":264.0,"distance":11954.76,"type":11007},{"activeTime":1054460,"calorie":74.51377,"distance":1469.8926,"type":-1}],"age":20,"gender":"M","height":175.0,"stepCount":14302,"weight":66.0}