{"activityLevel":0,"activityList":[{"activeTime":4004121,"calorie":298.63998,"distance":5858.54,"type":1001},{"activeTime":3692082,"calorie":245.04803,"distance":4780.527,"type":-1}],"age":20,"gender":"M","height":175.0,"stepCount":13329,"weight":66.0}