{"activityLevel":0,"activityList":[{"activeTime":4920000,"calorie":356.42944,"distance":6974.656,"type":1001},{"activeTime":3913619,"calorie":264.29532,"distance":5196.276,"type":-1}],"age":20,"gender":"M","height":175.0,"stepCount":15188,"weight":66.0}