{"activityLevel":0,"activityList":[{"activeTime":4087000,"calorie":314.21332,"distance":6252.5,"type":1001},{"activeTime":3899165,"calorie":274.03668,"distance":5415.5684,"type":-1}],"age":20,"gender":"M","height":175.0,"stepCount":14383,"weight":66.0}