{"activityLevel":0,"activityList":[{"activeTime":2099000,"calorie":148.79001,"distance":2873.81,"type":1001},{"activeTime":6541441,"calorie":442.05627,"distance":8542.108,"type":-1}],"age":20,"gender":"M","height":175.0,"stepCount":14389,"weight":66.0}