{"activityLevel":0,"activityList":[{"activeTime":3463903,"calorie":267.44998,"distance":5179.01,"type":1001},{"activeTime":6340144,"calorie":433.60666,"distance":8545.403,"type":-1}],"age":20,"gender":"M","height":175.0,"stepCount":17149,"weight":66.0}