{"activityLevel":0,"activityList":[{"activeTime":9687211,"calorie":673.48004,"distance":13253.68,"type":1001},{"activeTime":5241858,"calorie":345.88065,"distance":6770.943,"type":-1}],"age":20,"gender":"M","height":175.0,"stepCount":25286,"weight":66.0}